{
  "name": "test_job_1",
  "fingerprint_type": "mcsh",
  "evaluation_type": "k_fold_cv",
  "num_folds": 2,
  "cv_iters": 2,
  "cutoff": 8,
  "groups_by_order": {
    "0": {
      "groups": [
        1
      ]
    },
    "1": {
      "groups": [
        1
      ]
    }
  },
  "sigmas": [
    0.049999999999999996,
    0.1057371263440564,
    0.22360679774997896,
    0.4728708045015879,
    1.0
  ]
}