{
  "name": "test_job_2",
  "fingerprint_type": "mcsh",
  "evaluation_type": "k_fold_cv",
  "num_folds": 2,
  "cv_iters": 2,
  "nn_layers": 3,
  "nn_nodes": 20,
  "nn_learning_rate": 0.001,
  "nn_batch_size": 32,
  "nn_epochs": 1000,
  "cutoff": 8,
  "groups_by_order": {
    "0": {
      "groups": [
        1
      ]
    },
    "1": {
      "groups": [
        1
      ]
    },
    "2": {
      "groups": [
        1,
        2
      ]
    }
  },
  "sigmas": [
    0.049999999999999996,
    0.1057371263440564,
    0.22360679774997896,
    0.4728708045015879,
    1.0
  ],
  "seed": 1
}